{
  "cities": [
    { "name": "Hà Nội", "country": "Vietnam", "code": "VN" },
    { "name": "Ho Chi Minh City", "country": "Vietnam", "code": "VN" },
    { "name": "Đà Nẵng", "country": "Vietnam", "code": "VN" },
    { "name": "Hải Phòng", "country": "Vietnam", "code": "VN" },
    { "name": "Cần Thơ", "country": "Vietnam", "code": "VN" },
    { "name": "Nha Trang", "country": "Vietnam", "code": "VN" },
    { "name": "Huế", "country": "Vietnam", "code": "VN" },
    { "name": "Hạ Long", "country": "Vietnam", "code": "VN" },
    { "name": "New York", "country": "United States", "code": "US" },
    { "name": "Los Angeles", "country": "United States", "code": "US" },
    { "name": "Chicago", "country": "United States", "code": "US" },
    { "name": "Houston", "country": "United States", "code": "US" },
    { "name": "Phoenix", "country": "United States", "code": "US" },
    { "name": "London", "country": "United Kingdom", "code": "GB" },
    { "name": "Manchester", "country": "United Kingdom", "code": "GB" },
    { "name": "Paris", "country": "France", "code": "FR" },
    { "name": "Lyon", "country": "France", "code": "FR" },
    { "name": "Berlin", "country": "Germany", "code": "DE" },
    { "name": "Munich", "country": "Germany", "code": "DE" },
    { "name": "Tokyo", "country": "Japan", "code": "JP" },
    { "name": "Osaka", "country": "Japan", "code": "JP" },
    { "name": "Beijing", "country": "China", "code": "CN" },
    { "name": "Shanghai", "country": "China", "code": "CN" },
    { "name": "Sydney", "country": "Australia", "code": "AU" },
    { "name": "Melbourne", "country": "Australia", "code": "AU" },
    { "name": "Bangkok", "country": "Thailand", "code": "TH" },
    { "name": "Singapore", "country": "Singapore", "code": "SG" },
    { "name": "Dubai", "country": "United Arab Emirates", "code": "AE" },
    { "name": "Hong Kong", "country": "Hong Kong", "code": "HK" },
    { "name": "Seoul", "country": "South Korea", "code": "KR" },
    { "name": "Toronto", "country": "Canada", "code": "CA" },
    { "name": "Vancouver", "country": "Canada", "code": "CA" },
    { "name": "São Paulo", "country": "Brazil", "code": "BR" },
    { "name": "Rio de Janeiro", "country": "Brazil", "code": "BR" },
    { "name": "Mexico City", "country": "Mexico", "code": "MX" },
    { "name": "Moscow", "country": "Russia", "code": "RU" },
    { "name": "Istanbul", "country": "Turkey", "code": "TR" },
    { "name": "Cairo", "country": "Egypt", "code": "EG" },
    { "name": "Mumbai", "country": "India", "code": "IN" },
    { "name": "Delhi", "country": "India", "code": "IN" },
    { "name": "Bangalore", "country": "India", "code": "IN" },
    { "name": "Kolkata", "country": "India", "code": "IN" },
    { "name": "Jakarta", "country": "Indonesia", "code": "ID" },
    { "name": "Manila", "country": "Philippines", "code": "PH" },
    { "name": "Kuala Lumpur", "country": "Malaysia", "code": "MY" }
  ]
}
